{"initial": 100000.0, "final_nav": 101194.07003404762, "pnl": 1194.0700340476178}