{"minvar": [0.3333333333333333, 0.3333333333333333, 0.3333333333333333], "sharpe": [0.5908392860142686, 0.0, 0.4091607139857314]}